{"initial_reset_timestamp": 1635280196.80347, "timestamps": [1635280198.7135305], "episode_lengths": [1030], "episode_rewards": [-21.0], "episode_types": ["t"]}