{"initial_reset_timestamp": 1635281447.9636483, "timestamps": [1635281450.7401247], "episode_lengths": [1048], "episode_rewards": [-21.0], "episode_types": ["t"]}