{"initial_reset_timestamp": 1635278988.1107037, "timestamps": [1635279000.2584953], "episode_lengths": [1058], "episode_rewards": [-21.0], "episode_types": ["t"]}